,MSE,MAE,R²
Linear Regression,0.22084661178860424,0.41157177669311956,-1.4808903897777306
Ridge Regression,0.5261410189629372,0.6322401877251985,-4.910428903760828
Lasso Regression,0.44977011865110195,0.5919449142311576,-4.052512945223667
Random Forest,0.0246802719763452,0.1359739890329335,0.7227530498777845
XGBoost,0.5058540235538438,0.6083742319664258,-4.682534024413254
LightGBM,0.05775933437183676,0.2072597066144486,0.35115790818556536
