,MSE,MAE,R²
Linear Regression,0.13218999126199374,0.3173454422480585,-0.4974395311517248
Ridge Regression,0.8435706362274078,0.7778545078709826,-8.555912712802458
Lasso Regression,0.4455873437565125,0.589562147644392,-4.047584138192876
Random Forest,0.028410630339697325,0.13968138428863697,0.6781662471610055
XGBoost,0.024453340646631367,0.11815256970009107,0.7229941646609894
LightGBM,0.31741067077639123,0.4772549361058648,-2.595607212711946
